row,week_start,week_end,news_lag2w,cong_lag2w,news_t,cong_t
1,2015-01-19,2015-01-25,1,0,0,0
2,2015-01-26,2015-02-01,0,0,0,1
3,2015-02-02,2015-02-08,0,0,0,2
4,2015-02-09,2015-02-15,0,1,0,0
5,2015-02-16,2015-02-22,0,2,1,0
6,2015-02-23,2015-03-01,0,0,0,0
7,2015-03-02,2015-03-08,1,0,0,0
8,2015-03-09,2015-03-15,0,0,0,0
9,2015-03-16,2015-03-22,0,0,0,1
10,2015-03-23,2015-03-29,0,0,0,0
11,2015-03-30,2015-04-05,0,1,0,0
12,2015-04-06,2015-04-12,0,0,0,0
13,2015-04-13,2015-04-19,0,0,0,0
14,2015-04-20,2015-04-26,0,0,2,1
15,2015-04-27,2015-05-03,0,0,0,0
16,2015-05-04,2015-05-10,2,1,0,0
17,2015-05-11,2015-05-17,0,0,0,1
18,2015-05-18,2015-05-24,0,0,0,0
19,2015-05-25,2015-05-31,0,1,0,1
20,2015-06-01,2015-06-07,0,0,0,0
21,2015-06-08,2015-06-14,0,1,0,1
22,2015-06-15,2015-06-21,0,0,0,0
23,2015-06-22,2015-06-28,0,1,1,2
24,2015-06-29,2015-07-05,0,0,0,0
25,2015-07-06,2015-07-12,1,2,0,6
26,2015-07-13,2015-07-19,0,0,2,0
27,2015-07-20,2015-07-26,0,6,0,0
28,2015-07-27,2015-08-02,2,0,1,0
29,2015-08-03,2015-08-09,0,0,0,0
30,2015-08-10,2015-08-16,1,0,0,0
31,2015-08-17,2015-08-23,0,0,0,0
32,2015-08-24,2015-08-30,0,0,1,0
33,2015-08-31,2015-09-06,0,0,0,0
34,2015-09-07,2015-09-13,1,0,0,0
35,2015-09-14,2015-09-20,0,0,0,0
36,2015-09-21,2015-09-27,0,0,2,0
37,2015-09-28,2015-10-04,0,0,0,0
38,2015-10-05,2015-10-11,2,0,0,0
39,2015-10-12,2015-10-18,0,0,0,0
40,2015-10-19,2015-10-25,0,0,0,1
41,2015-10-26,2015-11-01,0,0,0,0
42,2015-11-02,2015-11-08,0,1,0,0
43,2015-11-09,2015-11-15,0,0,0,0
44,2015-11-16,2015-11-22,0,0,0,1
45,2015-11-23,2015-11-29,0,0,0,0
46,2015-11-30,2015-12-06,0,1,0,0
47,2015-12-07,2015-12-13,0,0,0,0
48,2015-12-14,2015-12-20,0,0,0,0
49,2015-12-21,2015-12-27,0,0,0,0
50,2015-12-28,2016-01-03,0,0,0,0
51,2016-01-04,2016-01-10,0,0,0,0
52,2016-01-11,2016-01-17,0,0,0,0
53,2016-01-18,2016-01-24,0,0,0,0
54,2016-01-25,2016-01-31,0,0,0,0
55,2016-02-01,2016-02-07,0,0,0,0
56,2016-02-08,2016-02-14,0,0,0,0
57,2016-02-15,2016-02-21,0,0,0,0
58,2016-02-22,2016-02-28,0,0,0,0
59,2016-02-29,2016-03-06,0,0,0,0
60,2016-03-07,2016-03-13,0,0,0,0
61,2016-03-14,2016-03-20,0,0,0,0
62,2016-03-21,2016-03-27,0,0,0,0
63,2016-03-28,2016-04-03,0,0,0,0
64,2016-04-04,2016-04-10,0,0,0,0
65,2016-04-11,2016-04-17,0,0,1,0
66,2016-04-18,2016-04-24,0,0,0,0
67,2016-04-25,2016-05-01,1,0,0,1
68,2016-05-02,2016-05-08,0,0,0,0
69,2016-05-09,2016-05-15,0,1,0,0
70,2016-05-16,2016-05-22,0,0,0,0
71,2016-05-23,2016-05-29,0,0,1,0
72,2016-05-30,2016-06-05,0,0,1,0
73,2016-06-06,2016-06-12,1,0,0,0
74,2016-06-13,2016-06-19,1,0,0,0
75,2016-06-20,2016-06-26,0,0,0,0
76,2016-06-27,2016-07-03,0,0,0,0
77,2016-07-04,2016-07-10,0,0,0,0
78,2016-07-11,2016-07-17,0,0,0,1
79,2016-07-18,2016-07-24,0,0,0,0
80,2016-07-25,2016-07-31,0,1,0,0
81,2016-08-01,2016-08-07,0,0,0,0
82,2016-08-08,2016-08-14,0,0,2,0
83,2016-08-15,2016-08-21,0,0,0,0
84,2016-08-22,2016-08-28,2,0,0,0
85,2016-08-29,2016-09-04,0,0,0,0
86,2016-09-05,2016-09-11,0,0,0,0
87,2016-09-12,2016-09-18,0,0,0,0
88,2016-09-19,2016-09-25,0,0,0,1
89,2016-09-26,2016-10-02,0,0,0,0
90,2016-10-03,2016-10-09,0,1,0,0
91,2016-10-10,2016-10-16,0,0,0,0
92,2016-10-17,2016-10-23,0,0,0,0
93,2016-10-24,2016-10-30,0,0,0,0
94,2016-10-31,2016-11-06,0,0,0,0
95,2016-11-07,2016-11-13,0,0,0,0
96,2016-11-14,2016-11-20,0,0,0,0
97,2016-11-21,2016-11-27,0,0,0,0
98,2016-11-28,2016-12-04,0,0,0,0
99,2016-12-05,2016-12-11,0,0,0,0
100,2016-12-12,2016-12-18,0,0,0,0
101,2016-12-19,2016-12-25,0,0,0,0
102,2016-12-26,2017-01-01,0,0,0,0
103,2017-01-02,2017-01-08,0,0,0,0
104,2017-01-09,2017-01-15,0,0,2,0
105,2017-01-16,2017-01-22,0,0,0,0
106,2017-01-23,2017-01-29,2,0,0,0
107,2017-01-30,2017-02-05,0,0,0,0
108,2017-02-06,2017-02-12,0,0,1,0
109,2017-02-13,2017-02-19,0,0,0,0
110,2017-02-20,2017-02-26,1,0,0,0
111,2017-02-27,2017-03-05,0,0,0,0
112,2017-03-06,2017-03-12,0,0,0,0
113,2017-03-13,2017-03-19,0,0,2,0
114,2017-03-20,2017-03-26,0,0,0,0
115,2017-03-27,2017-04-02,2,0,0,0
116,2017-04-03,2017-04-09,0,0,1,0
117,2017-04-10,2017-04-16,0,0,0,0
118,2017-04-17,2017-04-23,1,0,0,0
119,2017-04-24,2017-04-30,0,0,0,0
120,2017-05-01,2017-05-07,0,0,0,0
121,2017-05-08,2017-05-14,0,0,1,0
122,2017-05-15,2017-05-21,0,0,0,0
123,2017-05-22,2017-05-28,1,0,0,2
124,2017-05-29,2017-06-04,0,0,0,0
125,2017-06-05,2017-06-11,0,2,0,0
126,2017-06-12,2017-06-18,0,0,0,0
127,2017-06-19,2017-06-25,0,0,1,0
128,2017-06-26,2017-07-02,0,0,0,0
129,2017-07-03,2017-07-09,1,0,0,0
130,2017-07-10,2017-07-16,0,0,0,0
131,2017-07-17,2017-07-23,0,0,0,0
132,2017-07-24,2017-07-30,0,0,0,1
133,2017-07-31,2017-08-06,0,0,0,0
134,2017-08-07,2017-08-13,0,1,0,0
135,2017-08-14,2017-08-20,0,0,0,0
136,2017-08-21,2017-08-27,0,0,0,0
137,2017-08-28,2017-09-03,0,0,0,0
138,2017-09-04,2017-09-10,0,0,0,1
139,2017-09-11,2017-09-17,0,0,0,0
140,2017-09-18,2017-09-24,0,1,0,0
141,2017-09-25,2017-10-01,0,0,0,0
142,2017-10-02,2017-10-08,0,0,0,1
143,2017-10-09,2017-10-15,0,0,1,0
144,2017-10-16,2017-10-22,0,1,0,0
145,2017-10-23,2017-10-29,1,0,0,0
146,2017-10-30,2017-11-05,0,0,0,0
147,2017-11-06,2017-11-12,0,0,0,0
148,2017-11-13,2017-11-19,0,0,0,1
149,2017-11-20,2017-11-26,0,0,0,0
150,2017-11-27,2017-12-03,0,1,0,0
151,2017-12-04,2017-12-10,0,0,0,0
152,2017-12-11,2017-12-17,0,0,0,0
153,2017-12-18,2017-12-24,0,0,0,0
154,2017-12-25,2017-12-31,0,0,0,0
155,2018-01-01,2018-01-07,0,0,0,0
156,2018-01-08,2018-01-14,0,0,0,0
157,2018-01-15,2018-01-21,0,0,0,0
158,2018-01-22,2018-01-28,0,0,0,0
159,2018-01-29,2018-02-04,0,0,0,0
160,2018-02-05,2018-02-11,0,0,0,0
161,2018-02-12,2018-02-18,0,0,0,0
162,2018-02-19,2018-02-25,0,0,0,0
163,2018-02-26,2018-03-04,0,0,0,1
164,2018-03-05,2018-03-11,0,0,0,1
165,2018-03-12,2018-03-18,0,1,0,0
166,2018-03-19,2018-03-25,0,1,0,0
167,2018-03-26,2018-04-01,0,0,0,0
168,2018-04-02,2018-04-08,0,0,0,0
169,2018-04-09,2018-04-15,0,0,0,0
170,2018-04-16,2018-04-22,0,0,0,0
171,2018-04-23,2018-04-29,0,0,0,0
172,2018-04-30,2018-05-06,0,0,0,0
173,2018-05-07,2018-05-13,0,0,0,0
174,2018-05-14,2018-05-20,0,0,0,0
175,2018-05-21,2018-05-27,0,0,0,0
176,2018-05-28,2018-06-03,0,0,0,0
177,2018-06-04,2018-06-10,0,0,0,0
178,2018-06-11,2018-06-17,0,0,0,0
179,2018-06-18,2018-06-24,0,0,0,0
180,2018-06-25,2018-07-01,0,0,0,0
181,2018-07-02,2018-07-08,0,0,0,0
182,2018-07-09,2018-07-15,0,0,0,0
183,2018-07-16,2018-07-22,0,0,0,0
184,2018-07-23,2018-07-29,0,0,2,0
185,2018-07-30,2018-08-05,0,0,0,0
186,2018-08-06,2018-08-12,2,0,0,1
187,2018-08-13,2018-08-19,0,0,0,0
188,2018-08-20,2018-08-26,0,1,0,0
189,2018-08-27,2018-09-02,0,0,0,0
190,2018-09-03,2018-09-09,0,0,0,1
191,2018-09-10,2018-09-16,0,0,0,0
192,2018-09-17,2018-09-23,0,1,0,0
193,2018-09-24,2018-09-30,0,0,0,0
194,2018-10-01,2018-10-07,0,0,0,0
195,2018-10-08,2018-10-14,0,0,0,0
196,2018-10-15,2018-10-21,0,0,0,0
197,2018-10-22,2018-10-28,0,0,0,0
198,2018-10-29,2018-11-04,0,0,0,0
199,2018-11-05,2018-11-11,0,0,0,1
200,2018-11-12,2018-11-18,0,0,0,3
201,2018-11-19,2018-11-25,0,1,0,0
202,2018-11-26,2018-12-02,0,3,0,0
203,2018-12-03,2018-12-09,0,0,0,0
204,2018-12-10,2018-12-16,0,0,0,0
205,2018-12-17,2018-12-23,0,0,0,0
206,2018-12-24,2018-12-30,0,0,0,0
207,2018-12-31,2019-01-06,0,0,0,0
208,2019-01-07,2019-01-13,0,0,0,0
209,2019-01-14,2019-01-20,0,0,0,0
210,2019-01-21,2019-01-27,0,0,0,0
211,2019-01-28,2019-02-03,0,0,0,0
212,2019-02-04,2019-02-10,0,0,0,0
213,2019-02-11,2019-02-17,0,0,0,0
214,2019-02-18,2019-02-24,0,0,0,0
215,2019-02-25,2019-03-03,0,0,0,0
216,2019-03-04,2019-03-10,0,0,1,0
217,2019-03-11,2019-03-17,0,0,0,0
218,2019-03-18,2019-03-24,1,0,0,1
219,2019-03-25,2019-03-31,0,0,0,0
220,2019-04-01,2019-04-07,0,1,0,0
221,2019-04-08,2019-04-14,0,0,0,0
222,2019-04-15,2019-04-21,0,0,0,0
223,2019-04-22,2019-04-28,0,0,0,0
224,2019-04-29,2019-05-05,0,0,0,1
225,2019-05-06,2019-05-12,0,0,0,0
226,2019-05-13,2019-05-19,0,1,0,0
227,2019-05-20,2019-05-26,0,0,0,0
228,2019-05-27,2019-06-02,0,0,0,0
229,2019-06-03,2019-06-09,0,0,0,0
230,2019-06-10,2019-06-16,0,0,0,0
231,2019-06-17,2019-06-23,0,0,0,0
232,2019-06-24,2019-06-30,0,0,0,0
233,2019-07-01,2019-07-07,0,0,0,0
234,2019-07-08,2019-07-14,0,0,0,0
235,2019-07-15,2019-07-21,0,0,0,0
236,2019-07-22,2019-07-28,0,0,0,0
237,2019-07-29,2019-08-04,0,0,0,0
238,2019-08-05,2019-08-11,0,0,0,0
239,2019-08-12,2019-08-18,0,0,0,0
240,2019-08-19,2019-08-25,0,0,0,0
241,2019-08-26,2019-09-01,0,0,0,0
242,2019-09-02,2019-09-08,0,0,0,0
243,2019-09-09,2019-09-15,0,0,0,0
244,2019-09-16,2019-09-22,0,0,0,0
245,2019-09-23,2019-09-29,0,0,0,0
246,2019-09-30,2019-10-06,0,0,0,0
247,2019-10-07,2019-10-13,0,0,0,0
248,2019-10-14,2019-10-20,0,0,0,0
249,2019-10-21,2019-10-27,0,0,0,0
250,2019-10-28,2019-11-03,0,0,0,1
251,2019-11-04,2019-11-10,0,0,0,0
252,2019-11-11,2019-11-17,0,1,0,0
253,2019-11-18,2019-11-24,0,0,0,0
254,2019-11-25,2019-12-01,0,0,0,0
255,2019-12-02,2019-12-08,0,0,0,0
256,2019-12-09,2019-12-15,0,0,0,0
257,2019-12-16,2019-12-22,0,0,0,0
258,2019-12-23,2019-12-29,0,0,0,0
259,2019-12-30,2020-01-05,0,0,0,0
260,2020-01-06,2020-01-12,0,0,0,0
261,2020-01-13,2020-01-19,0,0,0,0
262,2020-01-20,2020-01-26,0,0,0,0
263,2020-01-27,2020-02-02,0,0,0,0
264,2020-02-03,2020-02-09,0,0,0,0
265,2020-02-10,2020-02-16,0,0,0,0
266,2020-02-17,2020-02-23,0,0,0,0
267,2020-02-24,2020-03-01,0,0,0,0
268,2020-03-02,2020-03-08,0,0,0,0
269,2020-03-09,2020-03-15,0,0,0,0
270,2020-03-16,2020-03-22,0,0,0,0
271,2020-03-23,2020-03-29,0,0,0,0
272,2020-03-30,2020-04-05,0,0,0,0
273,2020-04-06,2020-04-12,0,0,0,0
274,2020-04-13,2020-04-19,0,0,0,0
275,2020-04-20,2020-04-26,0,0,0,0
276,2020-04-27,2020-05-03,0,0,0,0
277,2020-05-04,2020-05-10,0,0,0,0
278,2020-05-11,2020-05-17,0,0,0,0
279,2020-05-18,2020-05-24,0,0,0,0
280,2020-05-25,2020-05-31,0,0,0,0
281,2020-06-01,2020-06-07,0,0,0,0
282,2020-06-08,2020-06-14,0,0,0,0
283,2020-06-15,2020-06-21,0,0,0,0
284,2020-06-22,2020-06-28,0,0,0,1
285,2020-06-29,2020-07-05,0,0,0,0
286,2020-07-06,2020-07-12,0,1,0,0
287,2020-07-13,2020-07-19,0,0,0,0
288,2020-07-20,2020-07-26,0,0,0,0
289,2020-07-27,2020-08-02,0,0,0,0
290,2020-08-03,2020-08-09,0,0,0,0
291,2020-08-10,2020-08-16,0,0,0,0
292,2020-08-17,2020-08-23,0,0,0,0
293,2020-08-24,2020-08-30,0,0,0,0
294,2020-08-31,2020-09-06,0,0,0,1
295,2020-09-07,2020-09-13,0,0,0,0
296,2020-09-14,2020-09-20,0,1,0,0
297,2020-09-21,2020-09-27,0,0,0,0
298,2020-09-28,2020-10-04,0,0,0,0
299,2020-10-05,2020-10-11,0,0,0,0
300,2020-10-12,2020-10-18,0,0,0,0
301,2020-10-19,2020-10-25,0,0,0,0
302,2020-10-26,2020-11-01,0,0,0,0
303,2020-11-02,2020-11-08,0,0,0,0
304,2020-11-09,2020-11-15,0,0,0,0
305,2020-11-16,2020-11-22,0,0,0,0
306,2020-11-23,2020-11-29,0,0,0,0
307,2020-11-30,2020-12-06,0,0,0,0
308,2020-12-07,2020-12-13,0,0,0,0
309,2020-12-14,2020-12-20,0,0,0,0
310,2020-12-21,2020-12-27,0,0,0,0
311,2020-12-28,2021-01-03,0,0,0,0
312,2021-01-04,2021-01-10,0,0,0,0
313,2021-01-11,2021-01-17,0,0,0,1
314,2021-01-18,2021-01-24,0,0,0,0
315,2021-01-25,2021-01-31,0,1,0,0
316,2021-02-01,2021-02-07,0,0,0,0
317,2021-02-08,2021-02-14,0,0,0,0
318,2021-02-15,2021-02-21,0,0,0,0
319,2021-02-22,2021-02-28,0,0,0,0
320,2021-03-01,2021-03-07,0,0,0,0
321,2021-03-08,2021-03-14,0,0,0,0
322,2021-03-15,2021-03-21,0,0,0,0
323,2021-03-22,2021-03-28,0,0,0,0
324,2021-03-29,2021-04-04,0,0,0,0
325,2021-04-05,2021-04-11,0,0,0,0
326,2021-04-12,2021-04-18,0,0,0,0
327,2021-04-19,2021-04-25,0,0,0,0
328,2021-04-26,2021-05-02,0,0,0,0
329,2021-05-03,2021-05-09,0,0,0,0
330,2021-05-10,2021-05-16,0,0,1,1
331,2021-05-17,2021-05-23,0,0,0,0
332,2021-05-24,2021-05-30,1,1,0,0
333,2021-05-31,2021-06-06,0,0,0,0
334,2021-06-07,2021-06-13,0,0,0,0
335,2021-06-14,2021-06-20,0,0,0,0
336,2021-06-21,2021-06-27,0,0,1,0
337,2021-06-28,2021-07-04,0,0,0,0
338,2021-07-05,2021-07-11,1,0,0,0
339,2021-07-12,2021-07-18,0,0,1,0
340,2021-07-19,2021-07-25,0,0,0,0
341,2021-07-26,2021-08-01,1,0,0,0
342,2021-08-02,2021-08-08,0,0,0,1
343,2021-08-09,2021-08-15,0,0,0,0
344,2021-08-16,2021-08-22,0,1,0,0
345,2021-08-23,2021-08-29,0,0,0,0
346,2021-08-30,2021-09-05,0,0,0,0
347,2021-09-06,2021-09-12,0,0,0,0
348,2021-09-13,2021-09-19,0,0,0,0
349,2021-09-20,2021-09-26,0,0,0,0
350,2021-09-27,2021-10-03,0,0,2,0
351,2021-10-04,2021-10-10,0,0,0,0
352,2021-10-11,2021-10-17,2,0,0,0
353,2021-10-18,2021-10-24,0,0,1,0
354,2021-10-25,2021-10-31,0,0,0,1
355,2021-11-01,2021-11-07,1,0,0,0
356,2021-11-08,2021-11-14,0,1,0,0
357,2021-11-15,2021-11-21,0,0,0,0
358,2021-11-22,2021-11-28,0,0,0,0
359,2021-11-29,2021-12-05,0,0,0,0
360,2021-12-06,2021-12-12,0,0,0,0
361,2021-12-13,2021-12-19,0,0,0,0
362,2021-12-20,2021-12-26,0,0,0,0
363,2021-12-27,2022-01-02,0,0,0,0
364,2022-01-03,2022-01-09,0,0,0,0
365,2022-01-10,2022-01-16,0,0,0,0
366,2022-01-17,2022-01-23,0,0,0,0
367,2022-01-24,2022-01-30,0,0,0,0
368,2022-01-31,2022-02-06,0,0,0,0
369,2022-02-07,2022-02-13,0,0,1,0
370,2022-02-14,2022-02-20,0,0,0,0
371,2022-02-21,2022-02-27,1,0,0,0
372,2022-02-28,2022-03-06,0,0,0,0
373,2022-03-07,2022-03-13,0,0,0,1
374,2022-03-14,2022-03-20,0,0,0,0
375,2022-03-21,2022-03-27,0,1,0,0
376,2022-03-28,2022-04-03,0,0,0,0
377,2022-04-04,2022-04-10,0,0,0,0
378,2022-04-11,2022-04-17,0,0,0,0
379,2022-04-18,2022-04-24,0,0,0,0
380,2022-04-25,2022-05-01,0,0,0,0
381,2022-05-02,2022-05-08,0,0,0,0
382,2022-05-09,2022-05-15,0,0,0,0
383,2022-05-16,2022-05-22,0,0,0,0
384,2022-05-23,2022-05-29,0,0,0,0
385,2022-05-30,2022-06-05,0,0,0,0
386,2022-06-06,2022-06-12,0,0,1,1
387,2022-06-13,2022-06-19,0,0,0,0
388,2022-06-20,2022-06-26,1,1,0,0
389,2022-06-27,2022-07-03,0,0,0,0
390,2022-07-04,2022-07-10,0,0,0,0
391,2022-07-11,2022-07-17,0,0,0,0
392,2022-07-18,2022-07-24,0,0,1,0
393,2022-07-25,2022-07-31,0,0,0,1
394,2022-08-01,2022-08-07,1,0,0,0
395,2022-08-08,2022-08-14,0,1,0,0
396,2022-08-15,2022-08-21,0,0,0,0
397,2022-08-22,2022-08-28,0,0,0,0
398,2022-08-29,2022-09-04,0,0,0,0
399,2022-09-05,2022-09-11,0,0,0,0
400,2022-09-12,2022-09-18,0,0,0,0
401,2022-09-19,2022-09-25,0,0,0,0
402,2022-09-26,2022-10-02,0,0,0,0
403,2022-10-03,2022-10-09,0,0,0,0
404,2022-10-10,2022-10-16,0,0,0,0
405,2022-10-17,2022-10-23,0,0,0,0
406,2022-10-24,2022-10-30,0,0,1,0
407,2022-10-31,2022-11-06,0,0,0,0
408,2022-11-07,2022-11-13,1,0,0,0
409,2022-11-14,2022-11-20,0,0,0,0
410,2022-11-21,2022-11-27,0,0,0,0
411,2022-11-28,2022-12-04,0,0,0,0
412,2022-12-05,2022-12-11,0,0,0,0
413,2022-12-12,2022-12-18,0,0,0,0
414,2022-12-19,2022-12-25,0,0,0,2
415,2022-12-26,2023-01-01,0,0,0,0
416,2023-01-02,2023-01-08,0,2,0,0
417,2023-01-09,2023-01-15,0,0,0,0
418,2023-01-16,2023-01-22,0,0,0,0
419,2023-01-23,2023-01-29,0,0,0,0
420,2023-01-30,2023-02-05,0,0,0,0
421,2023-02-06,2023-02-12,0,0,0,0
422,2023-02-13,2023-02-19,0,0,0,0
423,2023-02-20,2023-02-26,0,0,0,1
424,2023-02-27,2023-03-05,0,0,0,0
425,2023-03-06,2023-03-12,0,1,0,0
426,2023-03-13,2023-03-19,0,0,0,0
427,2023-03-20,2023-03-26,0,0,0,0
428,2023-03-27,2023-04-02,0,0,0,0
429,2023-04-03,2023-04-09,0,0,0,0
430,2023-04-10,2023-04-16,0,0,0,0
431,2023-04-17,2023-04-23,0,0,0,0
432,2023-04-24,2023-04-30,0,0,0,0
433,2023-05-01,2023-05-07,0,0,0,0
434,2023-05-08,2023-05-14,0,0,0,1
435,2023-05-15,2023-05-21,0,0,0,0
436,2023-05-22,2023-05-28,0,1,0,0
437,2023-05-29,2023-06-04,0,0,0,0
438,2023-06-05,2023-06-11,0,0,0,0
439,2023-06-12,2023-06-18,0,0,0,0
440,2023-06-19,2023-06-25,0,0,0,0
441,2023-06-26,2023-07-02,0,0,0,0
442,2023-07-03,2023-07-09,0,0,0,0
443,2023-07-10,2023-07-16,0,0,0,0
444,2023-07-17,2023-07-23,0,0,0,0
445,2023-07-24,2023-07-30,0,0,0,1
446,2023-07-31,2023-08-06,0,0,0,0
447,2023-08-07,2023-08-13,0,1,0,0
448,2023-08-14,2023-08-20,0,0,0,0
449,2023-08-21,2023-08-27,0,0,0,0
450,2023-08-28,2023-09-03,0,0,0,0
451,2023-09-04,2023-09-10,0,0,0,0
452,2023-09-11,2023-09-17,0,0,0,0
453,2023-09-18,2023-09-24,0,0,0,1
454,2023-09-25,2023-10-01,0,0,0,0
455,2023-10-02,2023-10-08,0,1,0,0
456,2023-10-09,2023-10-15,0,0,0,0
457,2023-10-16,2023-10-22,0,0,0,0
458,2023-10-23,2023-10-29,0,0,0,0
459,2023-10-30,2023-11-05,0,0,0,0
460,2023-11-06,2023-11-12,0,0,0,0
461,2023-11-13,2023-11-19,0,0,0,0
462,2023-11-20,2023-11-26,0,0,0,0
463,2023-11-27,2023-12-03,0,0,0,0
464,2023-12-04,2023-12-10,0,0,0,0
465,2023-12-11,2023-12-17,0,0,0,1
466,2023-12-18,2023-12-24,0,0,0,0
467,2023-12-25,2023-12-31,0,1,2,0
468,2024-01-01,2024-01-07,0,0,0,0
469,2024-01-08,2024-01-14,2,0,0,0
470,2024-01-15,2024-01-21,0,0,0,0
471,2024-01-22,2024-01-28,0,0,0,0
472,2024-01-29,2024-02-04,0,0,0,0
473,2024-02-05,2024-02-11,0,0,0,1
474,2024-02-12,2024-02-18,0,0,0,0
475,2024-02-19,2024-02-25,0,1,0,0
476,2024-02-26,2024-03-03,0,0,0,0
477,2024-03-04,2024-03-10,0,0,0,0
478,2024-03-11,2024-03-17,0,0,0,1
479,2024-03-18,2024-03-24,0,0,0,0
480,2024-03-25,2024-03-31,0,1,0,0
481,2024-04-01,2024-04-07,0,0,0,0
482,2024-04-08,2024-04-14,0,0,0,0
483,2024-04-15,2024-04-21,0,0,0,0
484,2024-04-22,2024-04-28,0,0,0,0
485,2024-04-29,2024-05-05,0,0,0,1
486,2024-05-06,2024-05-12,0,0,0,2
487,2024-05-13,2024-05-19,0,1,0,0
488,2024-05-20,2024-05-26,0,2,0,0
489,2024-05-27,2024-06-02,0,0,0,0
490,2024-06-03,2024-06-09,0,0,0,0
491,2024-06-10,2024-06-16,0,0,0,0
492,2024-06-17,2024-06-23,0,0,0,0
493,2024-06-24,2024-06-30,0,0,0,1
494,2024-07-01,2024-07-07,0,0,0,0
495,2024-07-08,2024-07-14,0,1,0,0
496,2024-07-15,2024-07-21,0,0,0,0
497,2024-07-22,2024-07-28,0,0,0,1
498,2024-07-29,2024-08-04,0,0,0,0
499,2024-08-05,2024-08-11,0,1,0,1
500,2024-08-12,2024-08-18,0,0,0,0
501,2024-08-19,2024-08-25,0,1,0,0
502,2024-08-26,2024-09-01,0,0,0,0
503,2024-09-02,2024-09-08,0,0,0,0
504,2024-09-09,2024-09-15,0,0,0,0
505,2024-09-16,2024-09-22,0,0,0,0
506,2024-09-23,2024-09-29,0,0,0,0
507,2024-09-30,2024-10-06,0,0,0,0
508,2024-10-07,2024-10-13,0,0,0,0
509,2024-10-14,2024-10-20,0,0,0,0
510,2024-10-21,2024-10-27,0,0,0,0
511,2024-10-28,2024-11-03,0,0,1,0
512,2024-11-04,2024-11-10,0,0,0,0
513,2024-11-11,2024-11-17,1,0,0,1
514,2024-11-18,2024-11-24,0,0,0,0
515,2024-11-25,2024-12-01,0,1,0,0
516,2024-12-02,2024-12-08,0,0,0,0
517,2024-12-09,2024-12-15,0,0,0,0
518,2024-12-16,2024-12-22,0,0,0,2
519,2024-12-23,2024-12-29,0,0,0,0
520,2024-12-30,2025-01-05,0,2,0,3
521,2025-01-06,2025-01-12,0,0,0,0
522,2025-01-13,2025-01-19,0,3,0,1
523,2025-01-20,2025-01-26,0,0,0,1
524,2025-01-27,2025-02-02,0,1,0,0
525,2025-02-03,2025-02-09,0,1,0,0
526,2025-02-10,2025-02-16,0,0,0,0
527,2025-02-17,2025-02-23,0,0,0,0
528,2025-02-24,2025-03-02,0,0,0,0
529,2025-03-03,2025-03-09,0,0,0,0
530,2025-03-10,2025-03-16,0,0,0,0
531,2025-03-17,2025-03-23,0,0,0,0
532,2025-03-24,2025-03-30,0,0,0,0
533,2025-03-31,2025-04-06,0,0,0,1
534,2025-04-07,2025-04-13,0,0,0,0
535,2025-04-14,2025-04-20,0,1,0,0
536,2025-04-21,2025-04-27,0,0,0,0
537,2025-04-28,2025-05-04,0,0,0,4
538,2025-05-05,2025-05-11,0,0,0,0
539,2025-05-12,2025-05-18,0,4,0,0
540,2025-05-19,2025-05-25,0,0,0,0
541,2025-05-26,2025-06-01,0,0,0,0
542,2025-06-02,2025-06-08,0,0,0,0
543,2025-06-09,2025-06-15,0,0,0,0
544,2025-06-16,2025-06-22,0,0,0,0
545,2025-06-23,2025-06-29,0,0,0,0
546,2025-06-30,2025-07-06,0,0,0,1
547,2025-07-07,2025-07-13,0,0,0,0
548,2025-07-14,2025-07-20,0,1,0,0
549,2025-07-21,2025-07-27,0,0,0,0
550,2025-07-28,2025-08-03,0,0,0,0
551,2025-08-04,2025-08-10,0,0,0,0
552,2025-08-11,2025-08-17,0,0,0,0
553,2025-08-18,2025-08-24,0,0,0,0
554,2025-08-25,2025-08-31,0,0,0,0
555,2025-09-01,2025-09-07,0,0,0,0
556,2025-09-08,2025-09-14,0,0,0,0
557,2025-09-15,2025-09-21,0,0,0,0
558,2025-09-22,2025-09-28,0,0,0,0
559,2025-09-29,2025-10-05,0,0,0,0
560,2025-10-06,2025-10-12,0,0,0,0
561,2025-10-13,2025-10-19,0,0,0,0
562,2025-10-20,2025-10-26,0,0,0,0
563,2025-10-27,2025-11-02,0,0,0,0
564,2025-11-03,2025-11-09,0,0,0,0
565,2025-11-10,2025-11-16,0,0,0,0
566,2025-11-17,2025-11-23,0,0,0,0
567,2025-11-24,2025-11-30,0,0,0,0
568,2025-12-01,2025-12-07,0,0,0,0
569,2025-12-08,2025-12-14,0,0,0,2
570,2025-12-15,2025-12-21,0,0,0,2
